Length,L,M,S,SD4neg,SD3neg,SD2neg,SD1neg,SD0,SD1,SD2,SD3,SD4
45,-0.3521,2.441,0.09182,1.71,1.877,2.043,2.23,2.441,2.68,2.951,3.261,3.571
45.1,-0.3521,2.4577,0.09176,1.722,1.89,2.057,2.245,2.458,2.698,2.971,3.283,3.595
45.2,-0.3521,2.4744,0.0917,1.734,1.903,2.072,2.261,2.474,2.716,2.991,3.305,3.618
45.3,-0.3521,2.4911,0.09164,1.747,1.916,2.086,2.276,2.491,2.734,3.011,3.326,3.642
45.4,-0.3521,2.5078,0.09159,1.759,1.929,2.1,2.292,2.508,2.752,3.031,3.348,3.666
45.5,-0.3521,2.5244,0.09153,1.771,1.942,2.114,2.307,2.524,2.771,3.05,3.37,3.689
45.6,-0.3521,2.5411,0.09147,1.783,1.956,2.128,2.322,2.541,2.789,3.07,3.391,3.712
45.7,-0.3521,2.5578,0.09141,1.795,1.969,2.142,2.338,2.558,2.807,3.09,3.413,3.736
45.8,-0.3521,2.5744,0.09135,1.807,1.982,2.157,2.353,2.574,2.825,3.109,3.434,3.759
45.9,-0.3521,2.5911,0.09129,1.819,1.995,2.171,2.368,2.591,2.843,3.129,3.456,3.782
46,-0.3521,2.6077,0.09124,1.831,2.008,2.185,2.384,2.608,2.861,3.149,3.477,3.806
46.1,-0.3521,2.6244,0.09118,1.843,2.021,2.199,2.399,2.624,2.879,3.169,3.499,3.829
46.2,-0.3521,2.6411,0.09112,1.855,2.034,2.213,2.415,2.641,2.897,3.188,3.521,3.853
46.3,-0.3521,2.6578,0.09106,1.867,2.048,2.228,2.43,2.658,2.916,3.208,3.542,3.876
46.4,-0.3521,2.6745,0.091,1.88,2.061,2.242,2.445,2.674,2.934,3.228,3.564,3.899
46.5,-0.3521,2.6913,0.09094,1.892,2.074,2.256,2.461,2.691,2.952,3.248,3.585,3.923
46.6,-0.3521,2.7081,0.09088,1.904,2.087,2.271,2.476,2.708,2.97,3.268,3.607,3.946
46.7,-0.3521,2.7249,0.09083,1.916,2.101,2.285,2.492,2.725,2.988,3.288,3.629,3.97
46.8,-0.3521,2.7417,0.09077,1.929,2.114,2.299,2.507,2.742,3.007,3.307,3.65,3.993
46.9,-0.3521,2.7586,0.09071,1.941,2.127,2.314,2.523,2.759,3.025,3.327,3.672,4.017
47,-0.3521,2.7755,0.09065,1.953,2.141,2.328,2.539,2.776,3.043,3.347,3.694,4.041
47.1,-0.3521,2.7925,0.09059,1.966,2.154,2.343,2.554,2.792,3.062,3.367,3.716,4.064
47.2,-0.3521,2.8095,0.09053,1.978,2.168,2.357,2.57,2.81,3.08,3.388,3.738,4.088
47.3,-0.3521,2.8266,0.09047,1.991,2.181,2.372,2.586,2.827,3.099,3.408,3.76,4.112
47.4,-0.3521,2.8437,0.09042,2.003,2.195,2.386,2.602,2.844,3.117,3.428,3.782,4.136
47.5,-0.3521,2.8609,0.09036,2.015,2.208,2.401,2.617,2.861,3.136,3.448,3.804,4.16
47.6,-0.3521,2.8782,0.0903,2.028,2.222,2.416,2.633,2.878,3.155,3.469,3.826,4.184
47.7,-0.3521,2.8955,0.09024,2.041,2.236,2.431,2.649,2.896,3.174,3.489,3.848,4.208
47.8,-0.3521,2.9129,0.09018,2.054,2.25,2.446,2.665,2.913,3.192,3.51,3.871,4.232
47.9,-0.3521,2.9304,0.09012,2.066,2.263,2.461,2.682,2.93,3.211,3.53,3.893,4.256
48,-0.3521,2.948,0.09007,2.079,2.277,2.476,2.698,2.948,3.231,3.551,3.916,4.281
48.1,-0.3521,2.9657,0.09001,2.092,2.291,2.491,2.714,2.966,3.25,3.572,3.939,4.306
48.2,-0.3521,2.9835,0.08995,2.105,2.306,2.506,2.731,2.984,3.269,3.593,3.962,4.33
48.3,-0.3521,3.0014,0.08989,2.118,2.32,2.521,2.747,3.001,3.288,3.614,3.985,4.355
48.4,-0.3521,3.0195,0.08983,2.131,2.334,2.537,2.764,3.02,3.308,3.635,4.008,4.38
48.5,-0.3521,3.0377,0.08977,2.145,2.349,2.552,2.781,3.038,3.328,3.657,4.031,4.406
48.6,-0.3521,3.056,0.08972,2.158,2.363,2.568,2.798,3.056,3.348,3.678,4.055,4.431
48.7,-0.3521,3.0745,0.08966,2.172,2.378,2.584,2.815,3.074,3.368,3.7,4.078,4.457
48.8,-0.3521,3.0931,0.0896,2.185,2.393,2.6,2.832,3.093,3.388,3.722,4.102,4.483
48.9,-0.3521,3.1119,0.08954,2.199,2.407,2.616,2.849,3.112,3.408,3.744,4.126,4.509
49,-0.3521,3.1308,0.08948,2.213,2.422,2.632,2.867,3.131,3.429,3.766,4.151,4.535
49.1,-0.3521,3.1499,0.08943,2.227,2.438,2.648,2.884,3.15,3.45,3.789,4.175,4.562
49.2,-0.3521,3.1691,0.08937,2.241,2.453,2.665,2.902,3.169,3.47,3.812,4.2,4.588
49.3,-0.3521,3.1884,0.08931,2.255,2.468,2.681,2.92,3.188,3.491,3.834,4.225,4.615
49.4,-0.3521,3.2079,0.08925,2.269,2.484,2.698,2.938,3.208,3.512,3.857,4.25,4.642
49.5,-0.3521,3.2276,0.08919,2.284,2.499,2.715,2.956,3.228,3.534,3.881,4.275,4.669
49.6,-0.3521,3.2473,0.08913,2.298,2.515,2.732,2.974,3.247,3.555,3.904,4.3,4.697
49.7,-0.3521,3.2672,0.08908,2.313,2.531,2.749,2.993,3.267,3.577,3.927,4.326,4.724
49.8,-0.3521,3.2873,0.08902,2.328,2.547,2.766,3.011,3.287,3.598,3.951,4.352,4.752
49.9,-0.3521,3.3075,0.08896,2.342,2.563,2.783,3.03,3.308,3.62,3.975,4.377,4.78
50,-0.3521,3.3278,0.0889,2.357,2.579,2.801,3.049,3.328,3.642,3.999,4.403,4.808
50.1,-0.3521,3.3482,0.08884,2.372,2.595,2.818,3.068,3.348,3.664,4.023,4.43,4.837
50.2,-0.3521,3.3688,0.08878,2.387,2.612,2.836,3.087,3.369,3.687,4.047,4.456,4.865
50.3,-0.3521,3.3894,0.08872,2.403,2.628,2.853,3.106,3.389,3.709,4.071,4.482,4.894
50.4,-0.3521,3.4102,0.08867,2.418,2.645,2.871,3.125,3.41,3.732,4.096,4.509,4.922
50.5,-0.3521,3.4311,0.08861,2.433,2.661,2.889,3.144,3.431,3.754,4.12,4.536,4.951
50.6,-0.3521,3.4522,0.08855,2.449,2.678,2.907,3.164,3.452,3.777,4.145,4.563,4.981
50.7,-0.3521,3.4733,0.08849,2.464,2.695,2.925,3.183,3.473,3.8,4.17,4.59,5.01
50.8,-0.3521,3.4946,0.08843,2.48,2.712,2.944,3.203,3.495,3.823,4.195,4.617,5.039
50.9,-0.3521,3.5161,0.08837,2.496,2.729,2.962,3.223,3.516,3.846,4.22,4.644,5.069
51,-0.3521,3.5376,0.08831,2.512,2.746,2.981,3.243,3.538,3.87,4.245,4.672,5.099
51.1,-0.3521,3.5593,0.08825,2.528,2.763,2.999,3.263,3.559,3.893,4.271,4.7,5.128
51.2,-0.3521,3.5812,0.08819,2.544,2.781,3.018,3.283,3.581,3.917,4.296,4.728,5.159
51.3,-0.3521,3.6032,0.08813,2.56,2.798,3.037,3.304,3.603,3.941,4.322,4.756,5.189
51.4,-0.3521,3.6254,0.08807,2.576,2.816,3.056,3.324,3.625,3.965,4.348,4.784,5.22
51.5,-0.3521,3.6477,0.08801,2.593,2.834,3.075,3.345,3.648,3.989,4.375,4.813,5.25
51.6,-0.3521,3.6702,0.08795,2.609,2.852,3.094,3.366,3.67,4.013,4.401,4.841,5.281
51.7,-0.3521,3.6929,0.08789,2.626,2.87,3.114,3.387,3.693,4.038,4.428,4.87,5.313
51.8,-0.3521,3.7157,0.08783,2.643,2.888,3.133,3.408,3.716,4.062,4.454,4.899,5.344
51.9,-0.3521,3.7388,0.08777,2.66,2.907,3.153,3.429,3.739,4.087,4.482,4.929,5.376
52,-0.3521,3.762,0.08771,2.677,2.925,3.173,3.451,3.762,4.113,4.509,4.958,5.408
52.1,-0.3521,3.7855,0.08765,2.694,2.944,3.193,3.472,3.786,4.138,4.536,4.988,5.44
52.2,-0.3521,3.8092,0.08759,2.712,2.963,3.214,3.494,3.809,4.164,4.564,5.019,5.473
52.3,-0.3521,3.833,0.08753,2.729,2.982,3.234,3.516,3.833,4.189,4.592,5.049,5.506
52.4,-0.3521,3.8571,0.08747,2.747,3.001,3.255,3.539,3.857,4.215,4.62,5.08,5.539
52.5,-0.3521,3.8814,0.08741,2.765,3.02,3.276,3.561,3.881,4.242,4.649,5.111,5.572
52.6,-0.3521,3.9059,0.08735,2.783,3.04,3.297,3.584,3.906,4.268,4.678,5.142,5.606
52.7,-0.3521,3.9306,0.08729,2.801,3.06,3.318,3.607,3.931,4.295,4.707,5.173,5.64
52.8,-0.3521,3.9555,0.08723,2.82,3.08,3.339,3.63,3.956,4.322,4.736,5.205,5.674
52.9,-0.3521,3.9806,0.08717,2.838,3.1,3.361,3.653,3.981,4.349,4.765,5.237,5.709
53,-0.3521,4.006,0.08711,2.857,3.12,3.383,3.677,4.006,4.377,4.795,5.27,5.744
53.1,-0.3521,4.0315,0.08705,2.876,3.14,3.405,3.7,4.032,4.404,4.825,5.302,5.779
53.2,-0.3521,4.0572,0.08699,2.895,3.161,3.427,3.724,4.057,4.432,4.855,5.335,5.814
53.3,-0.3521,4.0831,0.08693,2.914,3.182,3.449,3.748,4.083,4.46,4.885,5.368,5.85
53.4,-0.3521,4.1092,0.08687,2.933,3.202,3.472,3.772,4.109,4.488,4.916,5.401,5.886
53.5,-0.3521,4.1354,0.08681,2.953,3.223,3.494,3.796,4.135,4.517,4.947,5.434,5.922
53.6,-0.3521,4.1619,0.08675,2.972,3.245,3.517,3.821,4.162,4.545,4.978,5.468,5.958
53.7,-0.3521,4.1885,0.08669,2.992,3.266,3.54,3.846,4.188,4.574,5.009,5.502,5.995
53.8,-0.3521,4.2153,0.08663,3.012,3.287,3.563,3.871,4.215,4.603,5.04,5.536,6.032
53.9,-0.3521,4.2422,0.08657,3.032,3.309,3.586,3.895,4.242,4.632,5.072,5.57,6.069
54,-0.3521,4.2693,0.08651,3.052,3.33,3.609,3.921,4.269,4.661,5.104,5.605,6.106
54.1,-0.3521,4.2965,0.08645,3.072,3.352,3.633,3.946,4.296,4.691,5.136,5.639,6.143
54.2,-0.3521,4.3239,0.08639,3.092,3.374,3.656,3.971,4.324,4.72,5.168,5.674,6.181
54.3,-0.3521,4.3513,0.08633,3.112,3.396,3.68,3.997,4.351,4.75,5.2,5.709,6.218
54.4,-0.3521,4.3789,0.08627,3.133,3.418,3.704,4.022,4.379,4.78,5.232,5.744,6.256
54.5,-0.3521,4.4066,0.08621,3.153,3.44,3.727,4.048,4.407,4.81,5.264,5.779,6.294
54.6,-0.3521,4.4344,0.08615,3.174,3.463,3.751,4.074,4.434,4.84,5.297,5.815,6.332
54.7,-0.3521,4.4623,0.0861,3.195,3.485,3.775,4.099,4.462,4.87,5.33,5.85,6.371
54.8,-0.3521,4.4903,0.08604,3.215,3.507,3.799,4.125,4.49,4.9,5.363,5.886,6.409
54.9,-0.3521,4.5185,0.08598,3.236,3.53,3.824,4.152,4.518,4.931,5.396,5.922,6.448
55,-0.3521,4.5467,0.08592,3.257,3.553,3.848,4.178,4.547,4.961,5.428,5.957,6.486
55.1,-0.3521,4.575,0.08586,3.278,3.575,3.872,4.204,4.575,4.992,5.462,5.993,6.525
55.2,-0.3521,4.6034,0.0858,3.299,3.598,3.897,4.23,4.603,5.022,5.495,6.029,6.564
55.3,-0.3521,4.6319,0.08575,3.32,3.621,3.921,4.257,4.632,5.053,5.528,6.066,6.603
55.4,-0.3521,4.6605,0.08569,3.342,3.644,3.946,4.283,4.66,5.084,5.562,6.102,6.642
55.5,-0.3521,4.6892,0.08563,3.363,3.667,3.971,4.31,4.689,5.115,5.595,6.138,6.681
55.6,-0.3521,4.718,0.08558,3.384,3.69,3.996,4.337,4.718,5.146,5.629,6.175,6.721
55.7,-0.3521,4.7469,0.08552,3.406,3.713,4.02,4.363,4.747,5.178,5.663,6.211,6.76
55.8,-0.3521,4.7758,0.08546,3.427,3.736,4.045,4.39,4.776,5.209,5.696,6.248,6.8
55.9,-0.3521,4.8048,0.08541,3.449,3.76,4.07,4.417,4.805,5.24,5.73,6.285,6.839
56,-0.3521,4.8338,0.08535,3.47,3.783,4.095,4.444,4.834,5.271,5.764,6.322,6.879
56.1,-0.3521,4.8629,0.08529,3.492,3.806,4.121,4.471,4.863,5.303,5.798,6.358,6.919
56.2,-0.3521,4.892,0.08524,3.514,3.83,4.146,4.498,4.892,5.334,5.832,6.395,6.958
56.3,-0.3521,4.9212,0.08518,3.535,3.853,4.171,4.525,4.921,5.366,5.866,6.432,6.998
56.4,-0.3521,4.9504,0.08513,3.557,3.876,4.196,4.552,4.95,5.397,5.901,6.469,7.038
56.5,-0.3521,4.9796,0.08507,3.579,3.9,4.221,4.579,4.98,5.429,5.935,6.506,7.078
56.6,-0.3521,5.0088,0.08502,3.6,3.923,4.246,4.606,5.009,5.46,5.969,6.543,7.118
56.7,-0.3521,5.0381,0.08497,3.622,3.947,4.272,4.633,5.038,5.492,6.003,6.581,7.158
56.8,-0.3521,5.0673,0.08491,3.644,3.97,4.297,4.661,5.067,5.524,6.037,6.617,7.198
56.9,-0.3521,5.0966,0.08486,3.666,3.994,4.322,4.688,5.097,5.555,6.071,6.655,7.238
57,-0.3521,5.1259,0.08481,3.687,4.017,4.347,4.715,5.126,5.587,6.106,6.692,7.278
57.1,-0.3521,5.1551,0.08475,3.709,4.041,4.373,4.742,5.155,5.618,6.14,6.728,7.317
57.2,-0.3521,5.1844,0.0847,3.731,4.064,4.398,4.769,5.184,5.65,6.174,6.766,7.357
57.3,-0.3521,5.2137,0.08465,3.753,4.088,4.423,4.796,5.214,5.682,6.208,6.803,7.397
57.4,-0.3521,5.2429,0.0846,3.775,4.111,4.448,4.824,5.243,5.713,6.242,6.84,7.437
57.5,-0.3521,5.2721,0.08455,3.796,4.135,4.474,4.851,5.272,5.745,6.276,6.877,7.477
57.6,-0.3521,5.3014,0.08449,3.818,4.159,4.499,4.878,5.301,5.776,6.31,6.913,7.517
57.7,-0.3521,5.3306,0.08444,3.84,4.182,4.524,4.905,5.331,5.808,6.344,6.95,7.556
57.8,-0.3521,5.3598,0.08439,3.862,4.206,4.549,4.932,5.36,5.839,6.378,6.987,7.596
57.9,-0.3521,5.3889,0.08434,3.884,4.229,4.574,4.959,5.389,5.871,6.412,7.024,7.636
58,-0.3521,5.418,0.0843,3.905,4.252,4.599,4.986,5.418,5.902,6.447,7.061,7.676
58.1,-0.3521,5.4471,0.08425,3.927,4.276,4.625,5.013,5.447,5.933,6.48,7.098,7.715
58.2,-0.3521,5.4762,0.0842,3.949,4.299,4.65,5.04,5.476,5.965,6.514,7.135,7.755
58.3,-0.3521,5.5053,0.08415,3.97,4.323,4.675,5.067,5.505,5.996,6.548,7.171,7.794
58.4,-0.3521,5.5343,0.0841,3.992,4.346,4.7,5.094,5.534,6.028,6.582,7.208,7.834
58.5,-0.3521,5.5632,0.08406,4.013,4.369,4.725,5.121,5.563,6.059,6.616,7.245,7.873
58.6,-0.3521,5.5922,0.08401,4.035,4.393,4.75,5.148,5.592,6.09,6.65,7.281,7.913
58.7,-0.3521,5.621,0.08397,4.056,4.416,4.775,5.175,5.621,6.121,6.683,7.318,7.952
58.8,-0.3521,5.6499,0.08392,4.078,4.439,4.8,5.201,5.65,6.152,6.717,7.354,7.991
58.9,-0.3521,5.6787,0.08388,4.1,4.462,4.825,5.228,5.679,6.183,6.751,7.391,8.031
59,-0.3521,5.7074,0.08383,4.121,4.485,4.849,5.255,5.707,6.214,6.784,7.427,8.069
59.1,-0.3521,5.7361,0.08379,4.142,4.508,4.874,5.281,5.736,6.245,6.818,7.463,8.109
59.2,-0.3521,5.7647,0.08375,4.164,4.531,4.899,5.308,5.765,6.276,6.851,7.499,8.148
59.3,-0.3521,5.7933,0.0837,4.185,4.554,4.924,5.335,5.793,6.307,6.884,7.535,8.186
59.4,-0.3521,5.8217,0.08366,4.206,4.577,4.948,5.361,5.822,6.338,6.917,7.571,8.225
59.5,-0.3521,5.8501,0.08362,4.227,4.6,4.973,5.387,5.85,6.368,6.951,7.607,8.264
59.6,-0.3521,5.8784,0.08358,4.249,4.623,4.997,5.414,5.878,6.399,6.984,7.643,8.302
59.7,-0.3521,5.9067,0.08354,4.27,4.646,5.022,5.44,5.907,6.429,7.017,7.679,8.341
59.8,-0.3521,5.9348,0.0835,4.291,4.668,5.046,5.466,5.935,6.46,7.049,7.714,8.379
59.9,-0.3521,5.9628,0.08346,4.311,4.691,5.07,5.492,5.963,6.49,7.082,7.75,8.417
60,-0.3521,5.9907,0.08342,4.332,4.713,5.094,5.518,5.991,6.52,7.115,7.785,8.455
60.1,-0.3521,6.0185,0.08339,4.353,4.735,5.118,5.544,6.018,6.55,7.147,7.82,8.493
60.2,-0.3521,6.0461,0.08335,4.374,4.758,5.142,5.569,6.046,6.58,7.179,7.855,8.531
60.3,-0.3521,6.0737,0.08331,4.394,4.78,5.166,5.595,6.074,6.61,7.211,7.89,8.568
60.4,-0.3521,6.1011,0.08328,4.414,4.802,5.189,5.62,6.101,6.639,7.244,7.925,8.606
60.5,-0.3521,6.1284,0.08324,4.435,4.824,5.213,5.646,6.128,6.669,7.275,7.959,8.643
60.6,-0.3521,6.1556,0.08321,4.455,4.846,5.236,5.671,6.156,6.698,7.307,7.994,8.68
60.7,-0.3521,6.1827,0.08317,4.475,4.868,5.26,5.696,6.183,6.727,7.339,8.028,8.717
60.8,-0.3521,6.2096,0.08314,4.495,4.889,5.283,5.721,6.21,6.756,7.37,8.062,8.754
60.9,-0.3521,6.2365,0.08311,4.515,4.911,5.306,5.746,6.236,6.785,7.402,8.096,8.791
61,-0.3521,6.2632,0.08308,4.535,4.932,5.329,5.771,6.263,6.814,7.433,8.13,8.827
61.1,-0.3521,6.2899,0.08304,4.555,4.954,5.352,5.796,6.29,6.843,7.464,8.164,8.863
61.2,-0.3521,6.3164,0.08301,4.575,4.975,5.375,5.82,6.316,6.872,7.495,8.197,8.899
61.3,-0.3521,6.3428,0.08298,4.595,4.996,5.398,5.845,6.343,6.9,7.526,8.231,8.935
61.4,-0.3521,6.3692,0.08295,4.614,5.017,5.421,5.869,6.369,6.929,7.557,8.264,8.971
61.5,-0.3521,6.3954,0.08292,4.634,5.039,5.443,5.893,6.395,6.957,7.587,8.297,9.007
61.6,-0.3521,6.4215,0.0829,4.653,5.059,5.466,5.918,6.422,6.985,7.618,8.33,9.043
61.7,-0.3521,6.4475,0.08287,4.672,5.08,5.488,5.942,6.448,7.013,7.648,8.363,9.079
61.8,-0.3521,6.4735,0.08284,4.692,5.101,5.511,5.966,6.474,7.041,7.679,8.396,9.114
61.9,-0.3521,6.4993,0.08281,4.711,5.122,5.533,5.99,6.499,7.069,7.709,8.429,9.149
62,-0.3521,6.5251,0.08279,4.73,5.143,5.555,6.014,6.525,7.097,7.739,8.462,9.185
62.1,-0.3521,6.5508,0.08276,4.749,5.163,5.577,6.038,6.551,7.125,7.769,8.494,9.22
62.2,-0.3521,6.5764,0.08273,4.768,5.184,5.599,6.061,6.576,7.152,7.799,8.527,9.255
62.3,-0.3521,6.6019,0.08271,4.787,5.204,5.621,6.085,6.602,7.18,7.829,8.559,9.29
62.4,-0.3521,6.6273,0.08268,4.806,5.225,5.643,6.109,6.627,7.207,7.858,8.591,9.324
62.5,-0.3521,6.6527,0.08266,4.825,5.245,5.665,6.132,6.653,7.235,7.888,8.624,9.359
62.6,-0.3521,6.678,0.08264,4.844,5.265,5.687,6.156,6.678,7.262,7.918,8.656,9.394
62.7,-0.3521,6.7033,0.08261,4.862,5.286,5.709,6.179,6.703,7.29,7.947,8.688,9.428
62.8,-0.3521,6.7284,0.08259,4.881,5.306,5.73,6.202,6.728,7.317,7.977,8.72,9.463
62.9,-0.3521,6.7535,0.08257,4.9,5.326,5.752,6.226,6.754,7.344,8.006,8.752,9.497
63,-0.3521,6.7786,0.08255,4.918,5.346,5.774,6.249,6.779,7.371,8.035,8.784,9.532
63.1,-0.3521,6.8035,0.08253,4.937,5.366,5.795,6.272,6.804,7.398,8.065,8.815,9.566
63.2,-0.3521,6.8285,0.08251,4.955,5.386,5.817,6.295,6.828,7.425,8.094,8.847,9.6
63.3,-0.3521,6.8533,0.08249,4.974,5.406,5.838,6.318,6.853,7.452,8.123,8.879,9.634
63.4,-0.3521,6.8781,0.08247,4.992,5.426,5.859,6.341,6.878,7.479,8.152,8.91,9.668
63.5,-0.3521,6.9028,0.08245,5.01,5.445,5.88,6.364,6.903,7.505,8.181,8.942,9.702
63.6,-0.3521,6.9275,0.08243,5.029,5.465,5.902,6.387,6.928,7.532,8.21,8.973,9.736
63.7,-0.3521,6.9521,0.08241,5.047,5.485,5.923,6.41,6.952,7.559,8.239,9.004,9.77
63.8,-0.3521,6.9766,0.0824,5.065,5.504,5.944,6.432,6.977,7.585,8.268,9.036,9.804
63.9,-0.3521,7.0011,0.08238,5.083,5.524,5.965,6.455,7.001,7.612,8.296,9.067,9.838
64,-0.3521,7.0255,0.08236,5.101,5.544,5.986,6.478,7.026,7.638,8.325,9.098,9.871
64.1,-0.3521,7.0499,0.08235,5.119,5.563,6.007,6.5,7.05,7.664,8.354,9.129,9.905
64.2,-0.3521,7.0742,0.08233,5.137,5.582,6.028,6.523,7.074,7.691,8.382,9.16,9.938
64.3,-0.3521,7.0984,0.08232,5.155,5.602,6.049,6.545,7.098,7.717,8.41,9.191,9.972
64.4,-0.3521,7.1226,0.0823,5.173,5.621,6.069,6.568,7.123,7.743,8.439,9.222,10.005
64.5,-0.3521,7.1467,0.08229,5.19,5.64,6.09,6.59,7.147,7.769,8.467,9.253,10.038
64.6,-0.3521,7.1708,0.08228,5.208,5.659,6.111,6.612,7.171,7.795,8.496,9.284,10.072
64.7,-0.3521,7.1948,0.08227,5.226,5.679,6.131,6.634,7.195,7.821,8.524,9.314,10.105
64.8,-0.3521,7.2188,0.08225,5.244,5.698,6.152,6.657,7.219,7.847,8.552,9.345,10.138
64.9,-0.3521,7.2427,0.08224,5.261,5.717,6.172,6.679,7.243,7.873,8.58,9.375,10.171
65,-0.3521,7.2666,0.08223,5.279,5.736,6.193,6.701,7.267,7.899,8.608,9.406,10.204
65.1,-0.3521,7.2905,0.08222,5.296,5.755,6.213,6.723,7.29,7.925,8.636,9.437,10.237
65.2,-0.3521,7.3143,0.08221,5.314,5.774,6.234,6.745,7.314,7.951,8.664,9.467,10.27
65.3,-0.3521,7.338,0.0822,5.331,5.793,6.254,6.767,7.338,7.976,8.692,9.498,10.303
65.4,-0.3521,7.3617,0.08219,5.349,5.812,6.274,6.789,7.362,8.002,8.72,9.528,10.336
65.5,-0.3521,7.3854,0.08218,5.366,5.83,6.295,6.811,7.385,8.028,8.748,9.558,10.369
65.6,-0.3521,7.4091,0.08218,5.383,5.849,6.315,6.833,7.409,8.053,8.776,9.589,10.402
65.7,-0.3521,7.4327,0.08217,5.401,5.868,6.335,6.854,7.433,8.079,8.804,9.619,10.435
65.8,-0.3521,7.4563,0.08216,5.418,5.887,6.355,6.876,7.456,8.105,8.831,9.649,10.467
65.9,-0.3521,7.4799,0.08216,5.435,5.905,6.376,6.898,7.48,8.13,8.859,9.68,10.5
66,-0.3521,7.5034,0.08215,5.452,5.924,6.396,6.92,7.503,8.156,8.887,9.71,10.533
66.1,-0.3521,7.5269,0.08214,5.47,5.943,6.416,6.941,7.527,8.181,8.915,9.74,10.566
66.2,-0.3521,7.5504,0.08214,5.487,5.961,6.436,6.963,7.55,8.207,8.943,9.771,10.599
66.3,-0.3521,7.5738,0.08214,5.504,5.98,6.456,6.985,7.574,8.232,8.97,9.801,10.631
66.4,-0.3521,7.5973,0.08213,5.521,5.999,6.476,7.006,7.597,8.258,8.998,9.831,10.664
66.5,-0.3521,7.6206,0.08213,5.538,6.017,6.496,7.028,7.621,8.283,9.026,9.861,10.697
66.6,-0.3521,7.644,0.08213,5.555,6.035,6.516,7.049,7.644,8.308,9.053,9.891,10.729
66.7,-0.3521,7.6673,0.08212,5.572,6.054,6.536,7.071,7.667,8.334,9.081,9.921,10.762
66.8,-0.3521,7.6906,0.08212,5.589,6.072,6.556,7.093,7.691,8.359,9.108,9.951,10.794
66.9,-0.3521,7.7138,0.08212,5.606,6.091,6.575,7.114,7.714,8.384,9.136,9.981,10.827
67,-0.3521,7.737,0.08212,5.623,6.109,6.595,7.135,7.737,8.409,9.163,10.011,10.86
67.1,-0.3521,7.7602,0.08212,5.64,6.127,6.615,7.157,7.76,8.435,9.191,10.041,10.892
67.2,-0.3521,7.7834,0.08212,5.656,6.146,6.635,7.178,7.783,8.46,9.218,10.071,10.925
67.3,-0.3521,7.8065,0.08212,5.673,6.164,6.654,7.199,7.806,8.485,9.246,10.101,10.957
67.4,-0.3521,7.8296,0.08212,5.69,6.182,6.674,7.221,7.83,8.51,9.273,10.131,10.989
67.5,-0.3521,7.8526,0.08212,5.707,6.2,6.694,7.242,7.853,8.535,9.3,10.161,11.022
67.6,-0.3521,7.8757,0.08212,5.724,6.218,6.713,7.263,7.876,8.56,9.327,10.191,11.054
67.7,-0.3521,7.8986,0.08213,5.74,6.236,6.733,7.284,7.899,8.585,9.355,10.221,11.087
67.8,-0.3521,7.9216,0.08213,5.757,6.255,6.752,7.306,7.922,8.61,9.382,10.251,11.119
67.9,-0.3521,7.9445,0.08213,5.773,6.273,6.772,7.327,7.944,8.635,9.409,10.28,11.151
68,-0.3521,7.9674,0.08214,5.79,6.291,6.791,7.348,7.967,8.66,9.436,10.31,11.184
68.1,-0.3521,7.9903,0.08214,5.806,6.309,6.811,7.369,7.99,8.685,9.464,10.34,11.216
68.2,-0.3521,8.0132,0.08214,5.823,6.327,6.83,7.39,8.013,8.71,9.491,10.369,11.248
68.3,-0.3521,8.036,0.08215,5.839,6.345,6.85,7.411,8.036,8.735,9.518,10.399,11.281
68.4,-0.3521,8.0588,0.08215,5.856,6.363,6.869,7.432,8.059,8.759,9.545,10.429,11.313
68.5,-0.3521,8.0816,0.08216,5.872,6.38,6.888,7.453,8.082,8.784,9.572,10.459,11.345
68.6,-0.3521,8.1044,0.08217,5.889,6.398,6.908,7.474,8.104,8.809,9.599,10.488,11.378
68.7,-0.3521,8.1272,0.08217,5.905,6.416,6.927,7.495,8.127,8.834,9.626,10.518,11.41
68.8,-0.3521,8.15,0.08218,5.922,6.434,6.946,7.516,8.15,8.859,9.654,10.548,11.442
68.9,-0.3521,8.1727,0.08219,5.938,6.452,6.966,7.537,8.173,8.884,9.681,10.578,11.474
69,-0.3521,8.1955,0.08219,5.954,6.47,6.985,7.558,8.196,8.908,9.708,10.607,11.507
69.1,-0.3521,8.2183,0.0822,5.971,6.488,7.004,7.579,8.218,8.933,9.735,10.637,11.539
69.2,-0.3521,8.241,0.08221,5.987,6.505,7.024,7.599,8.241,8.958,9.762,10.667,11.571
69.3,-0.3521,8.2638,0.08222,6.003,6.523,7.043,7.62,8.264,8.983,9.789,10.697,11.604
69.4,-0.3521,8.2865,0.08223,6.02,6.541,7.062,7.641,8.286,9.008,9.816,10.726,11.636
69.5,-0.3521,8.3092,0.08224,6.036,6.559,7.081,7.662,8.309,9.032,9.843,10.756,11.669
69.6,-0.3521,8.332,0.08225,6.052,6.576,7.101,7.683,8.332,9.057,9.871,10.786,11.701
69.7,-0.3521,8.3547,0.08226,6.068,6.594,7.12,7.704,8.355,9.082,9.898,10.816,11.734
69.8,-0.3521,8.3774,0.08227,6.085,6.612,7.139,7.725,8.377,9.107,9.925,10.845,11.766
69.9,-0.3521,8.4001,0.08228,6.101,6.63,7.158,7.746,8.4,9.132,9.952,10.875,11.798
70,-0.3521,8.4227,0.08229,6.117,6.647,7.177,7.766,8.423,9.156,9.979,10.905,11.831
70.1,-0.3521,8.4454,0.0823,6.133,6.665,7.197,7.787,8.445,9.181,10.006,10.934,11.863
70.2,-0.3521,8.468,0.08231,6.15,6.683,7.216,7.808,8.468,9.206,10.033,10.964,11.895
70.3,-0.3521,8.4906,0.08232,6.166,6.7,7.235,7.829,8.491,9.23,10.06,10.994,11.927
70.4,-0.3521,8.5132,0.08233,6.182,6.718,7.254,7.85,8.513,9.255,10.087,11.023,11.96
70.5,-0.3521,8.5358,0.08235,6.198,6.735,7.273,7.87,8.536,9.28,10.114,11.053,11.992
70.6,-0.3521,8.5583,0.08236,6.214,6.753,7.292,7.891,8.558,9.304,10.141,11.083,12.025
70.7,-0.3521,8.5808,0.08237,6.23,6.771,7.311,7.912,8.581,9.329,10.168,11.112,12.057
70.8,-0.3521,8.6032,0.08238,6.246,6.788,7.33,7.932,8.603,9.353,10.195,11.142,12.089
70.9,-0.3521,8.6257,0.0824,6.262,6.805,7.349,7.953,8.626,9.378,10.222,11.172,12.121
71,-0.3521,8.648,0.08241,6.278,6.823,7.368,7.973,8.648,9.402,10.248,11.201,12.153
71.1,-0.3521,8.6704,0.08242,6.294,6.84,7.387,7.994,8.67,9.427,10.275,11.23,12.185
71.2,-0.3521,8.6927,0.08243,6.31,6.858,7.406,8.014,8.693,9.451,10.302,11.259,12.217
71.3,-0.3521,8.715,0.08245,6.326,6.875,7.424,8.035,8.715,9.476,10.329,11.289,12.249
71.4,-0.3521,8.7372,0.08246,6.341,6.892,7.443,8.055,8.737,9.5,10.355,11.318,12.281
71.5,-0.3521,8.7594,0.08248,6.357,6.909,7.462,8.075,8.759,9.524,10.382,11.348,12.313
71.6,-0.3521,8.7815,0.08249,6.373,6.927,7.48,8.096,8.782,9.548,10.408,11.377,12.345
71.7,-0.3521,8.8036,0.0825,6.389,6.944,7.499,8.116,8.804,9.572,10.435,11.406,12.377
71.8,-0.3521,8.8257,0.08252,6.404,6.961,7.518,8.136,8.826,9.597,10.461,11.435,12.409
71.9,-0.3521,8.8477,0.08253,6.42,6.978,7.536,8.156,8.848,9.621,10.488,11.464,12.44
72,-0.3521,8.8697,0.08254,6.436,6.995,7.555,8.177,8.87,9.645,10.514,11.493,12.472
72.1,-0.3521,8.8916,0.08256,6.451,7.012,7.573,8.197,8.892,9.669,10.54,11.522,12.504
72.2,-0.3521,8.9135,0.08257,6.467,7.029,7.592,8.217,8.914,9.693,10.567,11.551,12.535
72.3,-0.3521,8.9353,0.08259,6.482,7.046,7.61,8.237,8.935,9.716,10.593,11.58,12.567
72.4,-0.3521,8.9571,0.0826,6.498,7.063,7.628,8.257,8.957,9.74,10.619,11.608,12.598
72.5,-0.3521,8.9788,0.08262,6.513,7.08,7.647,8.277,8.979,9.764,10.645,11.637,12.629
72.6,-0.3521,9.0005,0.08263,6.528,7.097,7.665,8.296,9,9.788,10.671,11.666,12.66
72.7,-0.3521,9.0221,0.08264,6.544,7.113,7.683,8.316,9.022,9.811,10.697,11.694,12.691
72.8,-0.3521,9.0436,0.08266,6.559,7.13,7.701,8.336,9.044,9.835,10.723,11.723,12.723
72.9,-0.3521,9.0651,0.08267,6.574,7.147,7.719,8.356,9.065,9.858,10.749,11.751,12.754
73,-0.3521,9.0865,0.08269,6.589,7.163,7.737,8.375,9.086,9.882,10.774,11.78,12.785
73.1,-0.3521,9.1079,0.0827,6.604,7.18,7.755,8.395,9.108,9.905,10.8,11.808,12.815
73.2,-0.3521,9.1292,0.08272,6.619,7.196,7.773,8.414,9.129,9.929,10.826,11.836,12.846
73.3,-0.3521,9.1504,0.08273,6.635,7.213,7.791,8.434,9.15,9.952,10.851,11.864,12.877
73.4,-0.3521,9.1716,0.08274,6.65,7.229,7.809,8.453,9.172,9.975,10.877,11.892,12.907
73.5,-0.3521,9.1927,0.08276,6.664,7.246,7.827,8.473,9.193,9.998,10.902,11.92,12.938
73.6,-0.3521,9.2137,0.08277,6.679,7.262,7.844,8.492,9.214,10.021,10.927,11.948,12.968
73.7,-0.3521,9.2347,0.08278,6.694,7.278,7.862,8.511,9.235,10.044,10.952,11.975,12.998
73.8,-0.3521,9.2557,0.0828,6.709,7.294,7.88,8.53,9.256,10.067,10.978,12.003,13.029
73.9,-0.3521,9.2766,0.08281,6.724,7.311,7.897,8.549,9.277,10.09,11.003,12.031,13.059
74,-0.3521,9.2974,0.08283,6.739,7.327,7.915,8.568,9.297,10.113,11.028,12.059,13.089
74.1,-0.3521,9.3182,0.08284,6.753,7.343,7.932,8.588,9.318,10.135,11.053,12.086,13.119
74.2,-0.3521,9.339,0.08285,6.768,7.359,7.95,8.607,9.339,10.158,11.078,12.113,13.149
74.3,-0.3521,9.3597,0.08287,6.783,7.375,7.967,8.626,9.36,10.181,11.103,12.141,13.179
74.4,-0.3521,9.3803,0.08288,6.797,7.391,7.985,8.644,9.38,10.203,11.127,12.168,13.209
74.5,-0.3521,9.401,0.08289,6.812,7.407,8.002,8.663,9.401,10.226,11.152,12.195,13.239
74.6,-0.3521,9.4215,0.0829,6.827,7.423,8.019,8.682,9.422,10.248,11.177,12.222,13.268
74.7,-0.3521,9.442,0.08292,6.841,7.439,8.036,8.701,9.442,10.271,11.201,12.25,13.298
74.8,-0.3521,9.4625,0.08293,6.856,7.455,8.054,8.72,9.462,10.293,11.226,12.277,13.327
74.9,-0.3521,9.4829,0.08294,6.87,7.471,8.071,8.738,9.483,10.316,11.25,12.304,13.357
75,-0.3521,9.5032,0.08295,6.885,7.486,8.088,8.757,9.503,10.338,11.275,12.33,13.386
75.1,-0.3521,9.5235,0.08297,6.899,7.502,8.105,8.776,9.524,10.36,11.299,12.357,13.416
75.2,-0.3521,9.5438,0.08298,6.913,7.518,8.122,8.794,9.544,10.382,11.324,12.384,13.445
75.3,-0.3521,9.5639,0.08299,6.928,7.533,8.139,8.813,9.564,10.404,11.348,12.411,13.474
75.4,-0.3521,9.5841,0.083,6.942,7.549,8.156,8.831,9.584,10.426,11.372,12.437,13.503
75.5,-0.3521,9.6041,0.08301,6.956,7.565,8.173,8.85,9.604,10.448,11.396,12.464,13.531
75.6,-0.3521,9.6241,0.08302,6.97,7.58,8.19,8.868,9.624,10.47,11.42,12.49,13.56
75.7,-0.3521,9.644,0.08303,6.985,7.596,8.207,8.886,9.644,10.492,11.444,12.516,13.589
75.8,-0.3521,9.6639,0.08305,6.998,7.611,8.223,8.904,9.664,10.514,11.468,12.543,13.618
75.9,-0.3521,9.6836,0.08306,7.012,7.626,8.24,8.922,9.684,10.535,11.492,12.569,13.646
76,-0.3521,9.7033,0.08307,7.026,7.641,8.257,8.94,9.703,10.557,11.515,12.595,13.675
76.1,-0.3521,9.723,0.08307,7.041,7.657,8.273,8.959,9.723,10.578,11.539,12.621,13.702
76.2,-0.3521,9.7425,0.08308,7.055,7.672,8.29,8.976,9.742,10.6,11.562,12.646,13.731
76.3,-0.3521,9.762,0.08309,7.068,7.687,8.306,8.994,9.762,10.621,11.585,12.672,13.759
76.4,-0.3521,9.7814,0.0831,7.082,7.702,8.323,9.012,9.781,10.642,11.609,12.698,13.787
76.5,-0.3521,9.8007,0.08311,7.096,7.717,8.339,9.03,9.801,10.663,11.632,12.723,13.814
76.6,-0.3521,9.82,0.08312,7.11,7.732,8.355,9.048,9.82,10.684,11.655,12.749,13.842
76.7,-0.3521,9.8392,0.08312,7.123,7.747,8.371,9.065,9.839,10.705,11.678,12.773,13.869
76.8,-0.3521,9.8583,0.08313,7.137,7.762,8.387,9.083,9.858,10.726,11.701,12.799,13.897
76.9,-0.3521,9.8773,0.08314,7.151,7.777,8.403,9.1,9.877,10.747,11.723,12.824,13.924
77,-0.3521,9.8963,0.08314,7.164,7.792,8.42,9.118,9.896,10.768,11.746,12.848,13.951
77.1,-0.3521,9.9152,0.08315,7.178,7.807,8.436,9.135,9.915,10.788,11.769,12.873,13.978
77.2,-0.3521,9.9341,0.08315,7.191,7.821,8.452,9.152,9.934,10.809,11.791,12.898,14.005
77.3,-0.3521,9.9528,0.08316,7.205,7.836,8.467,9.17,9.953,10.829,11.813,12.923,14.032
77.4,-0.3521,9.9716,0.08316,7.218,7.851,8.483,9.187,9.972,10.85,11.836,12.947,14.058
77.5,-0.3521,9.9902,0.08317,7.231,7.865,8.499,9.204,9.99,10.87,11.858,12.972,14.085
77.6,-0.3521,10.0088,0.08317,7.245,7.88,8.515,9.221,10.009,10.89,11.88,12.996,14.111
77.7,-0.3521,10.0274,0.08317,7.258,7.895,8.531,9.238,10.027,10.911,11.902,13.02,14.137
77.8,-0.3521,10.0459,0.08318,7.271,7.909,8.546,9.255,10.046,10.931,11.925,13.044,14.164
77.9,-0.3521,10.0643,0.08318,7.285,7.923,8.562,9.272,10.064,10.951,11.946,13.068,14.19
78,-0.3521,10.0827,0.08318,7.298,7.938,8.578,9.289,10.083,10.971,11.968,13.092,14.216
78.1,-0.3521,10.1011,0.08318,7.311,7.952,8.593,9.306,10.101,10.991,11.99,13.116,14.242
78.2,-0.3521,10.1194,0.08318,7.325,7.967,8.609,9.323,10.119,11.011,12.012,13.14,14.268
78.3,-0.3521,10.1377,0.08318,7.338,7.981,8.624,9.34,10.138,11.031,12.033,13.164,14.294
78.4,-0.3521,10.1559,0.08318,7.351,7.995,8.64,9.356,10.156,11.051,12.055,13.187,14.319
78.5,-0.3521,10.1741,0.08318,7.364,8.01,8.655,9.373,10.174,11.07,12.077,13.211,14.345
78.6,-0.3521,10.1923,0.08317,7.378,8.024,8.671,9.39,10.192,11.09,12.098,13.234,14.37
78.7,-0.3521,10.2105,0.08317,7.391,8.039,8.686,9.407,10.21,11.11,12.12,13.258,14.396
78.8,-0.3521,10.2286,0.08317,7.404,8.053,8.702,9.424,10.229,11.13,12.141,13.281,14.421
78.9,-0.3521,10.2468,0.08316,7.417,8.067,8.718,9.44,10.247,11.149,12.162,13.304,14.446
79,-0.3521,10.2649,0.08316,7.431,8.082,8.733,9.457,10.265,11.169,12.184,13.328,14.472
79.1,-0.3521,10.2831,0.08315,7.444,8.096,8.749,9.474,10.283,11.189,12.205,13.351,14.497
79.2,-0.3521,10.3012,0.08315,7.457,8.111,8.764,9.491,10.301,11.208,12.227,13.375,14.522
79.3,-0.3521,10.3194,0.08314,7.471,8.125,8.78,9.507,10.319,11.228,12.248,13.398,14.547
79.4,-0.3521,10.3376,0.08313,7.484,8.14,8.795,9.524,10.338,11.248,12.269,13.421,14.572
79.5,-0.3521,10.3558,0.08313,7.497,8.154,8.811,9.541,10.356,11.267,12.291,13.445,14.598
79.6,-0.3521,10.3741,0.08312,7.511,8.169,8.826,9.558,10.374,11.287,12.313,13.468,14.623
79.7,-0.3521,10.3923,0.08311,7.524,8.183,8.842,9.575,10.392,11.307,12.334,13.491,14.648
79.8,-0.3521,10.4107,0.0831,7.538,8.198,8.858,9.592,10.411,11.327,12.355,13.514,14.674
79.9,-0.3521,10.4291,0.08309,7.551,8.213,8.874,9.609,10.429,11.347,12.377,13.538,14.699
80,-0.3521,10.4475,0.08308,7.565,8.227,8.89,9.626,10.448,11.367,12.399,13.561,14.724
80.1,-0.3521,10.466,0.08307,7.579,8.242,8.906,9.643,10.466,11.387,12.42,13.585,14.75
80.2,-0.3521,10.4845,0.08305,7.593,8.257,8.922,9.66,10.484,11.407,12.442,13.608,14.774
80.3,-0.3521,10.5031,0.08304,7.606,8.272,8.938,9.678,10.503,11.427,12.464,13.632,14.8
80.4,-0.3521,10.5217,0.08303,7.62,8.287,8.954,9.695,10.522,11.447,12.485,13.655,14.826
80.5,-0.3521,10.5405,0.08301,7.634,8.302,8.97,9.712,10.54,11.467,12.507,13.679,14.851
80.6,-0.3521,10.5592,0.083,7.648,8.317,8.986,9.73,10.559,11.487,12.529,13.703,14.876
80.7,-0.3521,10.5781,0.08298,7.662,8.332,9.002,9.747,10.578,11.508,12.551,13.726,14.902
80.8,-0.3521,10.597,0.08297,7.676,8.348,9.019,9.765,10.597,11.528,12.573,13.75,14.928
80.9,-0.3521,10.6161,0.08295,7.691,8.363,9.035,9.783,10.616,11.549,12.595,13.774,14.953
81,-0.3521,10.6352,0.08293,7.705,8.379,9.052,9.8,10.635,11.569,12.617,13.798,14.979
81.1,-0.3521,10.6544,0.08291,7.72,8.394,9.069,9.818,10.654,11.59,12.64,13.822,15.005
81.2,-0.3521,10.6737,0.0829,7.734,8.41,9.085,9.836,10.674,11.611,12.662,13.847,15.031
81.3,-0.3521,10.6931,0.08288,7.749,8.425,9.102,9.854,10.693,11.631,12.685,13.871,15.057
81.4,-0.3521,10.7126,0.08286,7.763,8.441,9.119,9.872,10.713,11.652,12.707,13.895,15.084
81.5,-0.3521,10.7322,0.08284,7.778,8.457,9.136,9.891,10.732,11.673,12.73,13.92,15.11
81.6,-0.3521,10.752,0.08282,7.793,8.473,9.153,9.909,10.752,11.695,12.753,13.945,15.136
81.7,-0.3521,10.7718,0.08279,7.808,8.489,9.171,9.928,10.772,11.716,12.776,13.969,15.162
81.8,-0.3521,10.7918,0.08277,7.823,8.506,9.188,9.946,10.792,11.737,12.799,13.994,15.189
81.9,-0.3521,10.8119,0.08275,7.839,8.522,9.205,9.965,10.812,11.759,12.822,14.019,15.216
82,-0.3521,10.8321,0.08273,7.854,8.538,9.223,9.984,10.832,11.781,12.845,14.044,15.243
82.1,-0.3521,10.8524,0.0827,7.869,8.555,9.241,10.003,10.852,11.803,12.869,14.069,15.27
82.2,-0.3521,10.8728,0.08268,7.885,8.572,9.258,10.022,10.873,11.824,12.892,14.095,15.297
82.3,-0.3521,10.8934,0.08265,7.901,8.589,9.277,10.041,10.893,11.847,12.916,14.12,15.324
82.4,-0.3521,10.9142,0.08263,7.916,8.606,9.295,10.06,10.914,11.869,12.94,14.146,15.352
82.5,-0.3521,10.935,0.0826,7.932,8.623,9.313,10.08,10.935,11.891,12.964,14.172,15.38
82.6,-0.3521,10.956,0.08258,7.948,8.64,9.331,10.099,10.956,11.914,12.988,14.198,15.408
82.7,-0.3521,10.9772,0.08255,7.965,8.657,9.35,10.119,10.977,11.936,13.013,14.224,15.436
82.8,-0.3521,10.9985,0.08252,7.981,8.675,9.368,10.139,10.998,11.959,13.037,14.25,15.464
82.9,-0.3521,11.0199,0.08249,7.997,8.692,9.387,10.159,11.02,11.982,13.061,14.277,15.492
83,-0.3521,11.0415,0.08246,8.014,8.71,9.406,10.179,11.042,12.005,13.086,14.303,15.52
83.1,-0.3521,11.0632,0.08244,8.03,8.728,9.425,10.2,11.063,12.029,13.111,14.33,15.549
83.2,-0.3521,11.0851,0.08241,8.047,8.746,9.444,10.22,11.085,12.052,13.137,14.357,15.578
83.3,-0.3521,11.1071,0.08238,8.064,8.764,9.463,10.241,11.107,12.076,13.162,14.384,15.607
83.4,-0.3521,11.1293,0.08235,8.081,8.782,9.483,10.262,11.129,12.099,13.187,14.412,15.636
83.5,-0.3521,11.1516,0.08231,8.098,8.8,9.503,10.282,11.152,12.123,13.213,14.439,15.665
83.6,-0.3521,11.174,0.08228,8.116,8.819,9.522,10.303,11.174,12.147,13.238,14.466,15.694
83.7,-0.3521,11.1966,0.08225,8.133,8.837,9.542,10.325,11.197,12.171,13.264,14.494,15.724
83.8,-0.3521,11.2193,0.08222,8.15,8.856,9.562,10.346,11.219,12.196,13.29,14.522,15.754
83.9,-0.3521,11.2422,0.08219,8.168,8.875,9.582,10.367,11.242,12.22,13.316,14.55,15.784
84,-0.3521,11.2651,0.08215,8.186,8.894,9.602,10.389,11.265,12.244,13.342,14.578,15.814
84.1,-0.3521,11.2882,0.08212,8.203,8.913,9.622,10.41,11.288,12.269,13.369,14.606,15.844
84.2,-0.3521,11.3114,0.08209,8.221,8.932,9.643,10.432,11.311,12.294,13.396,14.635,15.874
84.3,-0.3521,11.3347,0.08205,8.239,8.951,9.663,10.454,11.335,12.319,13.422,14.663,15.904
84.4,-0.3521,11.3581,0.08202,8.257,8.971,9.684,10.476,11.358,12.344,13.449,14.692,15.935
84.5,-0.3521,11.3817,0.08198,8.276,8.99,9.705,10.498,11.382,12.369,13.476,14.721,15.966
84.6,-0.3521,11.4053,0.08195,8.294,9.01,9.725,10.52,11.405,12.394,13.503,14.75,15.997
84.7,-0.3521,11.429,0.08191,8.312,9.029,9.746,10.542,11.429,12.42,13.53,14.778,16.027
84.8,-0.3521,11.4529,0.08188,8.331,9.049,9.767,10.565,11.453,12.445,13.557,14.808,16.059
84.9,-0.3521,11.4768,0.08184,8.349,9.069,9.788,10.587,11.477,12.471,13.584,14.837,16.089
85,-0.3521,11.5007,0.08181,8.368,9.088,9.809,10.61,11.501,12.496,13.612,14.866,16.121
85.1,-0.3521,11.5248,0.08177,8.387,9.109,9.831,10.632,11.525,12.522,13.639,14.895,16.152
85.2,-0.3521,11.549,0.08174,8.405,9.128,9.852,10.655,11.549,12.548,13.667,14.925,16.184
85.3,-0.3521,11.5732,0.0817,8.424,9.149,9.873,10.678,11.573,12.573,13.694,14.955,16.215
85.4,-0.3521,11.5975,0.08166,8.443,9.169,9.895,10.7,11.598,12.599,13.722,14.984,16.246
85.5,-0.3521,11.6218,0.08163,8.462,9.189,9.916,10.723,11.622,12.625,13.75,15.014,16.278
85.6,-0.3521,11.6462,0.08159,8.481,9.209,9.938,10.746,11.646,12.651,13.777,15.043,16.31
85.7,-0.3521,11.6707,0.08156,8.499,9.229,9.959,10.769,11.671,12.678,13.806,15.074,16.342
85.8,-0.3521,11.6952,0.08152,8.519,9.25,9.981,10.792,11.695,12.704,13.833,15.103,16.373
85.9,-0.3521,11.7198,0.08148,8.538,9.27,10.002,10.815,11.72,12.73,13.861,15.133,16.405
86,-0.3521,11.7444,0.08145,8.557,9.29,10.024,10.838,11.744,12.756,13.89,15.163,16.437
86.1,-0.3521,11.769,0.08141,8.576,9.311,10.046,10.861,11.769,12.782,13.917,15.193,16.469
86.2,-0.3521,11.7937,0.08138,8.595,9.331,10.067,10.884,11.794,12.809,13.946,15.224,16.501
86.3,-0.3521,11.8184,0.08134,8.614,9.352,10.089,10.908,11.818,12.835,13.974,15.253,16.533
86.4,-0.3521,11.8431,0.08131,8.633,9.372,10.111,10.931,11.843,12.862,14.002,15.284,16.565
86.5,-0.3521,11.8678,0.08128,8.652,9.392,10.133,10.954,11.868,12.888,14.03,15.314,16.598
86.6,-0.3521,11.8926,0.08124,8.672,9.413,10.154,10.977,11.893,12.914,14.059,15.344,16.63
86.7,-0.3521,11.9173,0.08121,8.691,9.433,10.176,11,11.917,12.941,14.087,15.374,16.662
86.8,-0.3521,11.9421,0.08118,8.71,9.454,10.198,11.023,11.942,12.967,14.115,15.405,16.695
86.9,-0.3521,11.9668,0.08114,8.729,9.474,10.22,11.047,11.967,12.994,14.143,15.435,16.726
87,-0.3521,11.9916,0.08111,8.748,9.495,10.242,11.07,11.992,13.02,14.172,15.465,16.759
87.1,-0.3521,12.0163,0.08108,8.767,9.515,10.263,11.093,12.016,13.047,14.2,15.496,16.791
87.2,-0.3521,12.0411,0.08105,8.786,9.536,10.285,11.116,12.041,13.073,14.228,15.526,16.824
87.3,-0.3521,12.0658,0.08102,8.805,9.556,10.307,11.139,12.066,13.099,14.257,15.556,16.856
87.4,-0.3521,12.0905,0.08099,8.824,9.576,10.328,11.163,12.09,13.126,14.285,15.587,16.888
87.5,-0.3521,12.1152,0.08096,8.843,9.597,10.35,11.186,12.115,13.152,14.313,15.617,16.921
87.6,-0.3521,12.1398,0.08093,8.862,9.617,10.372,11.209,12.14,13.179,14.341,15.647,16.953
87.7,-0.3521,12.1645,0.0809,8.881,9.637,10.393,11.232,12.164,13.205,14.37,15.677,16.985
87.8,-0.3521,12.1891,0.08087,8.9,9.658,10.415,11.255,12.189,13.231,14.398,15.708,17.017
87.9,-0.3521,12.2136,0.08084,8.919,9.678,10.436,11.278,12.214,13.257,14.426,15.738,17.05
88,-0.3521,12.2382,0.08082,8.938,9.698,10.458,11.301,12.238,13.284,14.454,15.768,17.082
88.1,-0.3521,12.2627,0.08079,8.957,9.718,10.479,11.324,12.263,13.31,14.482,15.798,17.114
88.2,-0.3521,12.2871,0.08076,8.975,9.738,10.501,11.347,12.287,13.336,14.51,15.828,17.146
88.3,-0.3521,12.3116,0.08074,8.994,9.758,10.522,11.369,12.312,13.362,14.538,15.859,17.179
88.4,-0.3521,12.336,0.08071,9.013,9.778,10.544,11.392,12.336,13.389,14.566,15.889,17.211
88.5,-0.3521,12.3603,0.08069,9.031,9.798,10.565,11.415,12.36,13.415,14.594,15.919,17.243
88.6,-0.3521,12.3846,0.08067,9.05,9.818,10.586,11.438,12.385,13.441,14.622,15.949,17.276
88.7,-0.3521,12.4089,0.08064,9.069,9.838,10.607,11.46,12.409,13.467,14.65,15.979,17.307
88.8,-0.3521,12.4332,0.08062,9.087,9.858,10.629,11.483,12.433,13.493,14.678,16.009,17.34
88.9,-0.3521,12.4574,0.0806,9.105,9.877,10.65,11.506,12.457,13.519,14.706,16.039,17.372
89,-0.3521,12.4815,0.08058,9.124,9.897,10.671,11.528,12.482,13.545,14.734,16.069,17.404
89.1,-0.3521,12.5057,0.08056,9.142,9.917,10.692,11.551,12.506,13.571,14.762,16.099,17.436
89.2,-0.3521,12.5298,0.08054,9.16,9.937,10.713,11.573,12.53,13.597,14.79,16.129,17.469
89.3,-0.3521,12.5538,0.08052,9.179,9.956,10.734,11.596,12.554,13.622,14.818,16.159,17.501
89.4,-0.3521,12.5778,0.0805,9.197,9.976,10.755,11.618,12.578,13.648,14.845,16.189,17.533
89.5,-0.3521,12.6017,0.08048,9.215,9.995,10.775,11.64,12.602,13.674,14.873,16.219,17.564
89.6,-0.3521,12.6257,0.08047,9.233,10.015,10.796,11.663,12.626,13.7,14.901,16.249,17.597
89.7,-0.3521,12.6495,0.08045,9.251,10.034,10.817,11.685,12.65,13.725,14.928,16.278,17.629
89.8,-0.3521,12.6734,0.08044,9.269,10.053,10.838,11.707,12.673,13.751,14.956,16.309,17.661
89.9,-0.3521,12.6972,0.08042,9.287,10.073,10.858,11.729,12.697,13.776,14.984,16.338,17.693
90,-0.3521,12.7209,0.08041,9.305,10.092,10.879,11.751,12.721,13.802,15.011,16.368,17.725
90.1,-0.3521,12.7446,0.08039,9.323,10.111,10.899,11.773,12.745,13.827,15.039,16.398,17.757
90.2,-0.3521,12.7683,0.08038,9.34,10.13,10.92,11.795,12.768,13.853,15.066,16.428,17.789
90.3,-0.3521,12.792,0.08037,9.358,10.149,10.94,11.817,12.792,13.879,15.094,16.458,17.821
90.4,-0.3521,12.8156,0.08035,9.376,10.169,10.961,11.839,12.816,13.904,15.121,16.487,17.853
90.5,-0.3521,12.8392,0.08034,9.394,10.188,10.981,11.861,12.839,13.929,15.149,16.517,17.885
90.6,-0.3521,12.8628,0.08033,9.411,10.207,11.002,11.883,12.863,13.955,15.176,16.546,17.917
90.7,-0.3521,12.8864,0.08032,9.429,10.226,11.022,11.905,12.886,13.98,15.204,16.576,17.949
90.8,-0.3521,12.9099,0.08031,9.446,10.244,11.043,11.927,12.91,14.006,15.231,16.606,17.981
90.9,-0.3521,12.9334,0.0803,9.464,10.263,11.063,11.949,12.933,14.031,15.258,16.636,18.013
91,-0.3521,12.9569,0.0803,9.481,10.282,11.083,11.97,12.957,14.057,15.286,16.666,18.046
91.1,-0.3521,12.9804,0.08029,9.499,10.301,11.103,11.992,12.98,14.082,15.314,16.696,18.078
91.2,-0.3521,13.0038,0.08028,9.516,10.32,11.123,12.014,13.004,14.107,15.341,16.725,18.109
91.3,-0.3521,13.0273,0.08027,9.534,10.339,11.144,12.036,13.027,14.132,15.368,16.755,18.141
91.4,-0.3521,13.0507,0.08027,9.551,10.357,11.164,12.057,13.051,14.158,15.396,16.785,18.174
91.5,-0.3521,13.0742,0.08026,9.569,10.376,11.184,12.079,13.074,14.183,15.423,16.815,18.206
91.6,-0.3521,13.0976,0.08026,9.586,10.395,11.204,12.101,13.098,14.209,15.451,16.845,18.238
91.7,-0.3521,13.1209,0.08025,9.603,10.414,11.224,12.123,13.121,14.234,15.478,16.874,18.27
91.8,-0.3521,13.1443,0.08025,9.62,10.432,11.244,12.144,13.144,14.259,15.506,16.904,18.303
91.9,-0.3521,13.1677,0.08025,9.637,10.451,11.264,12.166,13.168,14.284,15.533,16.934,18.335
92,-0.3521,13.191,0.08025,9.654,10.469,11.284,12.187,13.191,14.31,15.561,16.964,18.368
92.1,-0.3521,13.2143,0.08025,9.671,10.488,11.304,12.209,13.214,14.335,15.588,16.994,18.4
92.2,-0.3521,13.2376,0.08024,9.689,10.507,11.324,12.231,13.238,14.36,15.615,17.024,18.432
92.3,-0.3521,13.2609,0.08024,9.706,10.525,11.344,12.252,13.261,14.385,15.643,17.054,18.464
92.4,-0.3521,13.2842,0.08024,9.723,10.544,11.364,12.274,13.284,14.411,15.67,17.083,18.497
92.5,-0.3521,13.3075,0.08025,9.74,10.562,11.384,12.295,13.308,14.436,15.698,17.114,18.53
92.6,-0.3521,13.3308,0.08025,9.757,10.58,11.404,12.317,13.331,14.461,15.726,17.144,18.562
92.7,-0.3521,13.3541,0.08025,9.774,10.599,11.424,12.338,13.354,14.487,15.753,17.174,18.595
92.8,-0.3521,13.3773,0.08025,9.791,10.617,11.444,12.359,13.377,14.512,15.78,17.204,18.627
92.9,-0.3521,13.4006,0.08026,9.807,10.635,11.463,12.381,13.401,14.537,15.808,17.234,18.66
93,-0.3521,13.4239,0.08026,9.824,10.654,11.483,12.402,13.424,14.563,15.836,17.264,18.693
93.1,-0.3521,13.4472,0.08027,9.841,10.672,11.503,12.424,13.447,14.588,15.864,17.295,18.726
93.2,-0.3521,13.4705,0.08027,9.858,10.691,11.523,12.445,13.47,14.613,15.891,17.325,18.758
93.3,-0.3521,13.4937,0.08028,9.875,10.709,11.543,12.467,13.494,14.639,15.919,17.355,18.792
93.4,-0.3521,13.5171,0.08028,9.892,10.727,11.563,12.488,13.517,14.664,15.946,17.385,18.824
93.5,-0.3521,13.5404,0.08029,9.909,10.745,11.582,12.51,13.54,14.689,15.974,17.416,18.857
93.6,-0.3521,13.5637,0.0803,9.925,10.764,11.602,12.531,13.564,14.715,16.002,17.446,18.891
93.7,-0.3521,13.587,0.08031,9.942,10.782,11.622,12.552,13.587,14.74,16.03,17.477,18.924
93.8,-0.3521,13.6104,0.08032,9.959,10.8,11.641,12.574,13.61,14.766,16.058,17.508,18.957
93.9,-0.3521,13.6338,0.08033,9.975,10.818,11.661,12.595,13.634,14.791,16.086,17.538,18.991
94,-0.3521,13.6572,0.08034,9.992,10.837,11.681,12.617,13.657,14.817,16.114,17.569,19.024
94.1,-0.3521,13.6806,0.08035,10.009,10.855,11.701,12.638,13.681,14.842,16.142,17.6,19.058
94.2,-0.3521,13.7041,0.08036,10.026,10.873,11.721,12.66,13.704,14.868,16.17,17.63,19.091
94.3,-0.3521,13.7275,0.08037,10.042,10.891,11.741,12.682,13.728,14.894,16.198,17.661,19.125
94.4,-0.3521,13.751,0.08038,10.059,10.91,11.76,12.703,13.751,14.919,16.226,17.692,19.158
94.5,-0.3521,13.7746,0.0804,10.076,10.928,11.78,12.725,13.775,14.945,16.254,17.723,19.193
94.6,-0.3521,13.7981,0.08041,10.093,10.946,11.8,12.746,13.798,14.971,16.282,17.754,19.226
94.7,-0.3521,13.8217,0.08043,10.109,10.964,11.82,12.768,13.822,14.997,16.311,17.786,19.261
94.8,-0.3521,13.8454,0.08044,10.126,10.983,11.84,12.79,13.845,15.023,16.339,17.817,19.295
94.9,-0.3521,13.8691,0.08046,10.143,11.001,11.86,12.811,13.869,15.049,16.368,17.849,19.329
95,-0.3521,13.8928,0.08047,10.16,11.02,11.88,12.833,13.893,15.074,16.396,17.88,19.363
95.1,-0.3521,13.9165,0.08049,10.176,11.038,11.899,12.855,13.916,15.1,16.425,17.911,19.398
95.2,-0.3521,13.9403,0.08051,10.193,11.056,11.919,12.876,13.94,15.127,16.454,17.943,19.433
95.3,-0.3521,13.9642,0.08052,10.21,11.075,11.94,12.898,13.964,15.153,16.482,17.974,19.467
95.4,-0.3521,13.9881,0.08054,10.227,11.093,11.96,12.92,13.988,15.179,16.511,18.006,19.502
95.5,-0.3521,14.012,0.08056,10.243,11.111,11.98,12.942,14.012,15.205,16.54,18.038,19.537
95.6,-0.3521,14.036,0.08058,10.26,11.13,12,12.964,14.036,15.232,16.569,18.07,19.572
95.7,-0.3521,14.06,0.0806,10.277,11.148,12.02,12.986,14.06,15.258,16.598,18.103,19.607
95.8,-0.3521,14.0841,0.08062,10.294,11.167,12.04,13.008,14.084,15.284,16.627,18.135,19.642
95.9,-0.3521,14.1083,0.08064,10.31,11.185,12.06,13.03,14.108,15.311,16.657,18.167,19.678
96,-0.3521,14.1325,0.08067,10.327,11.204,12.08,13.052,14.132,15.338,16.686,18.2,19.714
96.1,-0.3521,14.1567,0.08069,10.344,11.222,12.1,13.074,14.157,15.364,16.715,18.232,19.749
96.2,-0.3521,14.1811,0.08071,10.361,11.241,12.121,13.096,14.181,15.391,16.745,18.265,19.785
96.3,-0.3521,14.2055,0.08073,10.378,11.26,12.141,13.119,14.206,15.418,16.775,18.298,19.821
96.4,-0.3521,14.2299,0.08076,10.395,11.278,12.161,13.141,14.23,15.445,16.804,18.331,19.857
96.5,-0.3521,14.2544,0.08078,10.412,11.297,12.182,13.163,14.254,15.472,16.834,18.364,19.893
96.6,-0.3521,14.279,0.08081,10.429,11.315,12.202,13.185,14.279,15.499,16.864,18.397,19.93
96.7,-0.3521,14.3037,0.08083,10.446,11.334,12.223,13.208,14.304,15.526,16.894,18.43,19.966
96.8,-0.3521,14.3284,0.08086,10.463,11.353,12.243,13.23,14.328,15.553,16.924,18.464,20.003
96.9,-0.3521,14.3533,0.08089,10.48,11.372,12.264,13.253,14.353,15.581,16.955,18.498,20.041
97,-0.3521,14.3782,0.08092,10.497,11.39,12.284,13.276,14.378,15.608,16.985,18.532,20.078
97.1,-0.3521,14.4031,0.08094,10.514,11.41,12.305,13.298,14.403,15.636,17.015,18.565,20.115
97.2,-0.3521,14.4282,0.08097,10.531,11.428,12.326,13.321,14.428,15.663,17.046,18.599,20.152
97.3,-0.3521,14.4533,0.081,10.548,11.447,12.347,13.344,14.453,15.691,17.077,18.633,20.19
97.4,-0.3521,14.4785,0.08103,10.565,11.466,12.367,13.367,14.478,15.719,17.108,18.668,20.228
97.5,-0.3521,14.5038,0.08106,10.583,11.485,12.388,13.39,14.504,15.747,17.139,18.702,20.265
97.6,-0.3521,14.5292,0.08109,10.6,11.505,12.409,13.413,14.529,15.775,17.17,18.737,20.304
97.7,-0.3521,14.5547,0.08112,10.617,11.524,12.43,13.436,14.555,15.803,17.201,18.771,20.342
97.8,-0.3521,14.5802,0.08116,10.634,11.543,12.451,13.459,14.58,15.832,17.233,18.807,20.381
97.9,-0.3521,14.6058,0.08119,10.652,11.562,12.472,13.482,14.606,15.86,17.264,18.842,20.419
98,-0.3521,14.6316,0.08122,10.669,11.582,12.494,13.506,14.632,15.888,17.296,18.877,20.458
98.1,-0.3521,14.6574,0.08125,10.687,11.601,12.515,13.529,14.657,15.917,17.327,18.912,20.497
98.2,-0.3521,14.6832,0.08129,10.704,11.62,12.536,13.552,14.683,15.946,17.359,18.948,20.536
98.3,-0.3521,14.7092,0.08132,10.722,11.64,12.558,13.576,14.709,15.974,17.391,18.983,20.575
98.4,-0.3521,14.7353,0.08136,10.739,11.659,12.579,13.599,14.735,16.003,17.423,19.019,20.615
98.5,-0.3521,14.7614,0.08139,10.757,11.679,12.6,13.623,14.761,16.032,17.455,19.055,20.654
98.6,-0.3521,14.7877,0.08143,10.775,11.698,12.622,13.647,14.788,16.061,17.488,19.091,20.695
98.7,-0.3521,14.814,0.08146,10.793,11.718,12.644,13.671,14.814,16.09,17.52,19.127,20.734
98.8,-0.3521,14.8404,0.0815,10.81,11.738,12.665,13.695,14.84,16.12,17.553,19.164,20.775
98.9,-0.3521,14.8669,0.08154,10.828,11.757,12.687,13.719,14.867,16.149,17.586,19.201,20.815
99,-0.3521,14.8934,0.08157,10.846,11.777,12.709,13.743,14.893,16.178,17.618,19.237,20.855
99.1,-0.3521,14.9201,0.08161,10.864,11.797,12.731,13.767,14.92,16.208,17.651,19.274,20.896
99.2,-0.3521,14.9468,0.08165,10.882,11.817,12.752,13.791,14.947,16.238,17.684,19.311,20.937
99.3,-0.3521,14.9736,0.08169,10.899,11.837,12.774,13.815,14.974,16.268,17.718,19.348,20.978
99.4,-0.3521,15.0005,0.08173,10.917,11.857,12.796,13.839,15,16.298,17.751,19.385,21.019
99.5,-0.3521,15.0275,0.08177,10.935,11.877,12.818,13.864,15.028,16.328,17.784,19.423,21.061
99.6,-0.3521,15.0546,0.08181,10.953,11.897,12.84,13.888,15.055,16.358,17.818,19.46,21.102
99.7,-0.3521,15.0818,0.08185,10.972,11.917,12.863,13.913,15.082,16.388,17.852,19.498,21.144
99.8,-0.3521,15.109,0.08189,10.99,11.937,12.885,13.937,15.109,16.418,17.885,19.536,21.186
99.9,-0.3521,15.1363,0.08194,11.007,11.957,12.907,13.962,15.136,16.449,17.92,19.574,21.229
100,-0.3521,15.1637,0.08198,11.026,11.978,12.929,13.986,15.164,16.479,17.954,19.612,21.271
100.1,-0.3521,15.1912,0.08202,11.044,11.998,12.952,14.011,15.191,16.51,17.988,19.65,21.313
100.2,-0.3521,15.2187,0.08206,11.062,12.018,12.974,14.036,15.219,16.54,18.022,19.688,21.355
100.3,-0.3521,15.2463,0.08211,11.08,12.038,12.997,14.061,15.246,16.571,18.056,19.727,21.399
100.4,-0.3521,15.274,0.08215,11.099,12.059,13.019,14.086,15.274,16.602,18.091,19.766,21.441
100.5,-0.3521,15.3018,0.0822,11.117,12.079,13.042,14.111,15.302,16.633,18.126,19.805,21.485
100.6,-0.3521,15.3297,0.08224,11.136,12.1,13.065,14.136,15.33,16.664,18.16,19.844,21.528
100.7,-0.3521,15.3576,0.08229,11.154,12.12,13.087,14.161,15.358,16.695,18.195,19.883,21.571
100.8,-0.3521,15.3856,0.08233,11.172,12.141,13.11,14.186,15.386,16.726,18.23,19.922,21.614
100.9,-0.3521,15.4137,0.08238,11.191,12.162,13.133,14.211,15.414,16.758,18.265,19.962,21.658
101,-0.3521,15.4419,0.08243,11.209,12.182,13.155,14.237,15.442,16.789,18.3,20.002,21.703
101.1,-0.3521,15.4701,0.08247,11.228,12.203,13.178,14.262,15.47,16.821,18.335,20.041,21.746
101.2,-0.3521,15.4985,0.08252,11.246,12.224,13.201,14.288,15.498,16.852,18.371,20.081,21.791
101.3,-0.3521,15.5268,0.08257,11.265,12.244,13.224,14.313,15.527,16.884,18.406,20.121,21.835
101.4,-0.3521,15.5553,0.08262,11.283,12.265,13.247,14.339,15.555,16.916,18.442,20.161,21.88
101.5,-0.3521,15.5838,0.08267,11.302,12.286,13.27,14.364,15.584,16.948,18.478,20.201,21.925
101.6,-0.3521,15.6125,0.08272,11.32,12.307,13.293,14.39,15.612,16.98,18.514,20.242,21.97
101.7,-0.3521,15.6412,0.08277,11.339,12.328,13.317,14.416,15.641,17.012,18.55,20.282,22.015
101.8,-0.3521,15.6699,0.08281,11.358,12.349,13.34,14.442,15.67,17.044,18.586,20.322,22.059
101.9,-0.3521,15.6987,0.08287,11.376,12.37,13.363,14.467,15.699,17.076,18.622,20.364,22.105
102,-0.3521,15.7276,0.08292,11.395,12.391,13.386,14.493,15.728,17.108,18.658,20.404,22.15
102.1,-0.3521,15.7566,0.08297,11.414,12.412,13.41,14.519,15.757,17.141,18.695,20.445,22.196
102.2,-0.3521,15.7857,0.08302,11.433,12.433,13.433,14.545,15.786,17.173,18.731,20.487,22.242
102.3,-0.3521,15.8148,0.08307,11.452,12.454,13.457,14.572,15.815,17.206,18.768,20.528,22.288
102.4,-0.3521,15.844,0.08312,11.471,12.476,13.48,14.598,15.844,17.239,18.804,20.569,22.333
102.5,-0.3521,15.8732,0.08317,11.49,12.497,13.504,14.624,15.873,17.271,18.841,20.61,22.379
102.6,-0.3521,15.9026,0.08322,11.509,12.518,13.528,14.65,15.903,17.304,18.878,20.652,22.426
102.7,-0.3521,15.932,0.08328,11.528,12.539,13.551,14.676,15.932,17.337,18.915,20.694,22.473
102.8,-0.3521,15.9615,0.08333,11.547,12.561,13.575,14.703,15.962,17.37,18.952,20.736,22.519
102.9,-0.3521,15.991,0.08338,11.566,12.582,13.599,14.729,15.991,17.403,18.989,20.778,22.566
103,-0.3521,16.0206,0.08343,11.585,12.604,13.623,14.756,16.021,17.436,19.027,20.819,22.612
103.1,-0.3521,16.0503,0.08349,11.604,12.625,13.646,14.782,16.05,17.47,19.064,20.862,22.66
103.2,-0.3521,16.0801,0.08354,11.623,12.647,13.67,14.809,16.08,17.503,19.102,20.904,22.707
103.3,-0.3521,16.1099,0.08359,11.643,12.669,13.694,14.836,16.11,17.536,19.139,20.947,22.754
103.4,-0.3521,16.1398,0.08365,11.662,12.69,13.718,14.863,16.14,17.57,19.177,20.99,22.802
103.5,-0.3521,16.1697,0.0837,11.681,12.712,13.742,14.889,16.17,17.603,19.215,21.032,22.849
103.6,-0.3521,16.1997,0.08376,11.7,12.733,13.766,14.916,16.2,17.637,19.253,21.075,22.897
103.7,-0.3521,16.2298,0.08381,11.72,12.755,13.791,14.943,16.23,17.671,19.291,21.118,22.945
103.8,-0.3521,16.26,0.08386,11.739,12.777,13.815,14.97,16.26,17.705,19.329,21.16,22.992
103.9,-0.3521,16.2902,0.08392,11.758,12.799,13.839,14.997,16.29,17.739,19.367,21.204,23.041
104,-0.3521,16.3204,0.08397,11.778,12.821,13.863,15.024,16.32,17.772,19.405,21.247,23.089
104.1,-0.3521,16.3508,0.08403,11.797,12.842,13.888,15.051,16.351,17.807,19.444,21.291,23.138
104.2,-0.3521,16.3812,0.08408,11.817,12.865,13.912,15.079,16.381,17.841,19.482,21.334,23.186
104.3,-0.3521,16.4117,0.08414,11.836,12.886,13.937,15.106,16.412,17.875,19.521,21.378,23.235
104.4,-0.3521,16.4422,0.08419,11.856,12.909,13.961,15.133,16.442,17.909,19.559,21.421,23.283
104.5,-0.3521,16.4728,0.08425,11.875,12.93,13.985,15.16,16.473,17.944,19.598,21.465,23.332
104.6,-0.3521,16.5035,0.08431,11.895,12.952,14.01,15.188,16.504,17.978,19.637,21.509,23.382
104.7,-0.3521,16.5342,0.08436,11.915,12.975,14.035,15.215,16.534,18.013,19.675,21.553,23.43
104.8,-0.3521,16.565,0.08442,11.934,12.997,14.059,15.243,16.565,18.047,19.715,21.597,23.48
104.9,-0.3521,16.5959,0.08447,11.954,13.019,14.084,15.27,16.596,18.082,19.753,21.641,23.529
105,-0.3521,16.6268,0.08453,11.974,13.041,14.109,15.298,16.627,18.117,19.793,21.686,23.578
105.1,-0.3521,16.6579,0.08458,11.994,13.064,14.134,15.326,16.658,18.151,19.832,21.73,23.628
105.2,-0.3521,16.6889,0.08464,12.013,13.086,14.159,15.353,16.689,18.186,19.871,21.775,23.678
105.3,-0.3521,16.7201,0.0847,12.033,13.108,14.183,15.381,16.72,18.221,19.911,21.82,23.728
105.4,-0.3521,16.7513,0.08475,12.053,13.131,14.209,15.409,16.751,18.256,19.95,21.864,23.777
105.5,-0.3521,16.7826,0.08481,12.073,13.153,14.233,15.437,16.783,18.292,19.99,21.909,23.828
105.6,-0.3521,16.8139,0.08487,12.093,13.176,14.258,15.465,16.814,18.327,20.03,21.954,23.878
105.7,-0.3521,16.8454,0.08493,12.113,13.198,14.283,15.493,16.845,18.362,20.07,22,23.929
105.8,-0.3521,16.8769,0.08498,12.133,13.221,14.309,15.521,16.877,18.398,20.11,22.044,23.979
105.9,-0.3521,16.9084,0.08504,12.153,13.243,14.334,15.549,16.908,18.433,20.15,22.09,24.03
106,-0.3521,16.9401,0.0851,12.173,13.266,14.359,15.578,16.94,18.469,20.19,22.136,24.081
106.1,-0.3521,16.9718,0.08516,12.193,13.289,14.384,15.606,16.972,18.505,20.231,22.182,24.133
106.2,-0.3521,17.0036,0.08521,12.214,13.312,14.41,15.634,17.004,18.54,20.271,22.227,24.183
106.3,-0.3521,17.0355,0.08527,12.234,13.335,14.435,15.663,17.036,18.576,20.311,22.273,24.235
106.4,-0.3521,17.0674,0.08533,12.254,13.357,14.461,15.691,17.067,18.612,20.352,22.319,24.286
106.5,-0.3521,17.0995,0.08539,12.274,13.38,14.486,15.72,17.1,18.648,20.393,22.365,24.338
106.6,-0.3521,17.1316,0.08545,12.294,13.403,14.512,15.748,17.132,18.684,20.434,22.412,24.39
106.7,-0.3521,17.1637,0.08551,12.315,13.426,14.537,15.777,17.164,18.721,20.475,22.458,24.442
106.8,-0.3521,17.196,0.08557,12.335,13.449,14.563,15.806,17.196,18.757,20.516,22.505,24.494
106.9,-0.3521,17.2283,0.08562,12.356,13.473,14.589,15.835,17.228,18.793,20.556,22.551,24.546
107,-0.3521,17.2607,0.08568,12.376,13.496,14.615,15.863,17.261,18.83,20.598,22.598,24.598
107.1,-0.3521,17.2931,0.08574,12.397,13.519,14.641,15.892,17.293,18.866,20.639,22.645,24.651
107.2,-0.3521,17.3256,0.0858,12.417,13.542,14.667,15.921,17.326,18.903,20.68,22.692,24.703
107.3,-0.3521,17.3582,0.08586,12.438,13.565,14.692,15.95,17.358,18.939,20.722,22.739,24.756
107.4,-0.3521,17.3909,0.08592,12.458,13.588,14.718,15.979,17.391,18.976,20.764,22.786,24.809
107.5,-0.3521,17.4237,0.08599,12.479,13.611,14.744,16.008,17.424,19.014,20.806,22.835,24.863
107.6,-0.3521,17.4565,0.08605,12.499,13.635,14.77,16.038,17.456,19.05,20.848,22.882,24.917
107.7,-0.3521,17.4894,0.08611,12.52,13.658,14.797,16.067,17.489,19.088,20.89,22.93,24.97
107.8,-0.3521,17.5224,0.08617,12.541,13.682,14.823,16.096,17.522,19.125,20.932,22.978,25.023
107.9,-0.3521,17.5554,0.08623,12.562,13.705,14.849,16.126,17.555,19.162,20.974,23.025,25.077
108,-0.3521,17.5885,0.08629,12.582,13.729,14.875,16.155,17.588,19.199,21.016,23.073,25.131
108.1,-0.3521,17.6217,0.08635,12.603,13.753,14.902,16.185,17.622,19.237,21.059,23.122,25.185
108.2,-0.3521,17.655,0.08641,12.624,13.776,14.928,16.214,17.655,19.274,21.101,23.17,25.239
108.3,-0.3521,17.6884,0.08648,12.645,13.8,14.954,16.244,17.688,19.312,21.144,23.219,25.294
108.4,-0.3521,17.7218,0.08654,12.666,13.823,14.981,16.274,17.722,19.35,21.187,23.268,25.348
108.5,-0.3521,17.7553,0.0866,12.687,13.847,15.008,16.303,17.755,19.388,21.229,23.316,25.403
108.6,-0.3521,17.7889,0.08666,12.708,13.871,15.034,16.333,17.789,19.425,21.272,23.365,25.457
108.7,-0.3521,17.8226,0.08673,12.729,13.895,15.061,16.363,17.823,19.464,21.316,23.415,25.513
108.8,-0.3521,17.8564,0.08679,12.75,13.919,15.088,16.393,17.856,19.502,21.359,23.464,25.568
108.9,-0.3521,17.8903,0.08685,12.771,13.943,15.115,16.423,17.89,19.54,21.402,23.513,25.623
109,-0.3521,17.9242,0.08691,12.793,13.967,15.142,16.454,17.924,19.578,21.446,23.562,25.678
109.1,-0.3521,17.9583,0.08698,12.814,13.991,15.168,16.484,17.958,19.617,21.49,23.612,25.735
109.2,-0.3521,17.9924,0.08704,12.835,14.015,15.195,16.514,17.992,19.655,21.533,23.662,25.791
109.3,-0.3521,18.0267,0.0871,12.857,14.04,15.223,16.545,18.027,19.694,21.577,23.712,25.846
109.4,-0.3521,18.061,0.08717,12.878,14.064,15.25,16.575,18.061,19.733,21.621,23.762,25.903
109.5,-0.3521,18.0954,0.08723,12.899,14.088,15.277,16.606,18.095,19.772,21.665,23.812,25.959
109.6,-0.3521,18.1299,0.0873,12.92,14.112,15.304,16.636,18.13,19.811,21.71,23.863,26.017
109.7,-0.3521,18.1645,0.08736,12.942,14.137,15.332,16.667,18.164,19.85,21.754,23.913,26.073
109.8,-0.3521,18.1992,0.08742,12.964,14.162,15.359,16.698,18.199,19.889,21.798,23.964,26.129
109.9,-0.3521,18.234,0.08749,12.985,14.186,15.386,16.729,18.234,19.929,21.843,24.015,26.187
110,-0.3521,18.2689,0.08755,13.007,14.211,15.414,16.76,18.269,19.968,21.888,24.066,26.244
